{	"fullnames" :[
		{
			"studentName": "Nita",
			"studentSurname": "Tremayne"
		},
		{
			"studentName": "Lanna",
			"studentSurname": "Gahl"
		},
		{
			"studentName": "Nikki",
			"studentSurname": "Sabella"
		},
		{
			"studentName": "Lesly",
			"studentSurname": "Ivens"
		},
		{
			"studentName": "Consuela",
			"studentSurname": "Lorenz"
		},
		{
			"studentName": "Kathy",
			"studentSurname": "Bennie"
		},
		{
			"studentName": "Elka",
			"studentSurname": "Isidore"
		},
		{
			"studentName": "Dorene",
			"studentSurname": "Dominy"
		},
		{
			"studentName": "Anestassia",
			"studentSurname": "Billye"
		},
		{
			"studentName": "Joleen",
			"studentSurname": "Afton"
		},
		{
			"studentName": "Adriana",
			"studentSurname": "Dunkin"
		},
		{
			"studentName": "Josephine",
			"studentSurname": "Quent"
		},
		{
			"studentName": "Stephanie",
			"studentSurname": "Ardeha"
		},
		{
			"studentName": "Ebonee",
			"studentSurname": "Vastah"
		},
		{
			"studentName": "Karena",
			"studentSurname": "Jacqui"
		},
		{
			"studentName": "Marcy",
			"studentSurname": "Goldina"
		},
		{
			"studentName": "Cordi",
			"studentSurname": "Christal"
		},
		{
			"studentName": "Ilse",
			"studentSurname": "Granoff"
		},
		{
			"studentName": "Dari",
			"studentSurname": "Ioab"
		},
		{
			"studentName": "Elmira",
			"studentSurname": "Isidore"
		},
		{
			"studentName": "Aili",
			"studentSurname": "Ursulette"
		},
		{
			"studentName": "Bobbi",
			"studentSurname": "Serilda"
		},
		{
			"studentName": "Kerrin",
			"studentSurname": "Pyle"
		},
		{
			"studentName": "Amelia",
			"studentSurname": "Arathorn"
		},
		{
			"studentName": "Ronna",
			"studentSurname": "Faria"
		},
		{
			"studentName": "Miquela",
			"studentSurname": "Gillan"
		},
		{
			"studentName": "Misha",
			"studentSurname": "Yerkovich"
		},
		{
			"studentName": "Gaylene",
			"studentSurname": "Ellord"
		},
		{
			"studentName": "Lucille",
			"studentSurname": "Maisey"
		},
		{
			"studentName": "Elsie",
			"studentSurname": "Yam"
		},
		{
			"studentName": "Di",
			"studentSurname": "Riva"
		},
		{
			"studentName": "Gabi",
			"studentSurname": "Zetta"
		},
		{
			"studentName": "Tersina",
			"studentSurname": "Camden"
		},
		{
			"studentName": "Wendi",
			"studentSurname": "Bibi"
		},
		{
			"studentName": "Lynde",
			"studentSurname": "Zamora"
		},
		{
			"studentName": "Celene",
			"studentSurname": "Pernick"
		},
		{
			"studentName": "Wendi",
			"studentSurname": "Calhoun"
		},
		{
			"studentName": "Marcelline",
			"studentSurname": "Fredi"
		},
		{
			"studentName": "Reeba",
			"studentSurname": "Koziara"
		},
		{
			"studentName": "Mamie",
			"studentSurname": "Hermes"
		},
		{
			"studentName": "Sam",
			"studentSurname": "Morrill"
		},
		{
			"studentName": "Cassandra",
			"studentSurname": "Aida"
		},
		{
			"studentName": "Sharai",
			"studentSurname": "Japeth"
		},
		{
			"studentName": "Bertine",
			"studentSurname": "Mallon"
		},
		{
			"studentName": "Peri",
			"studentSurname": "Viddah"
		},
		{
			"studentName": "Cordi",
			"studentSurname": "Juan"
		},
		{
			"studentName": "Katleen",
			"studentSurname": "Lilybelle"
		},
		{
			"studentName": "Michaelina",
			"studentSurname": "Buckler"
		},
		{
			"studentName": "Lolita",
			"studentSurname": "Grobe"
		},
		{
			"studentName": "Correy",
			"studentSurname": "Jobi"
		},
		{
			"studentName": "Dede",
			"studentSurname": "Meter"
		},
		{
			"studentName": "Aurore",
			"studentSurname": "Cordi"
		},
		{
			"studentName": "Alyda",
			"studentSurname": "Bashemeth"
		},
		{
			"studentName": "Raina",
			"studentSurname": "Bakerman"
		},
		{
			"studentName": "Sabina",
			"studentSurname": "Ortrude"
		},
		{
			"studentName": "Micheline",
			"studentSurname": "Seagraves"
		},
		{
			"studentName": "Paulita",
			"studentSurname": "Cavan"
		},
		{
			"studentName": "Orsola",
			"studentSurname": "Leopold"
		},
		{
			"studentName": "Beverley",
			"studentSurname": "Johanna"
		},
		{
			"studentName": "Monika",
			"studentSurname": "Cecile"
		},
		{
			"studentName": "Merle",
			"studentSurname": "Raama"
		},
		{
			"studentName": "Fina",
			"studentSurname": "Poll"
		},
		{
			"studentName": "Caryl",
			"studentSurname": "Weide"
		},
		{
			"studentName": "Pearline",
			"studentSurname": "Regan"
		},
		{
			"studentName": "Arlena",
			"studentSurname": "Aprile"
		},
		{
			"studentName": "Rori",
			"studentSurname": "Winnick"
		},
		{
			"studentName": "Sheree",
			"studentSurname": "Merriott"
		},
		{
			"studentName": "Carly",
			"studentSurname": "Septima"
		},
		{
			"studentName": "Corry",
			"studentSurname": "Bach"
		},
		{
			"studentName": "Augustine",
			"studentSurname": "Cloris"
		},
		{
			"studentName": "Collen",
			"studentSurname": "Fennessy"
		},
		{
			"studentName": "Rayna",
			"studentSurname": "Sibyls"
		},
		{
			"studentName": "Kellen",
			"studentSurname": "Hilbert"
		},
		{
			"studentName": "Miquela",
			"studentSurname": "Catie"
		},
		{
			"studentName": "Elora",
			"studentSurname": "Hanleigh"
		},
		{
			"studentName": "Riannon",
			"studentSurname": "Ailyn"
		},
		{
			"studentName": "Carree",
			"studentSurname": "Sheedy"
		},
		{
			"studentName": "Barbi",
			"studentSurname": "MacIntosh"
		},
		{
			"studentName": "Ruthe",
			"studentSurname": "Quinn"
		},
		{
			"studentName": "Jsandye",
			"studentSurname": "Phaidra"
		},
		{
			"studentName": "Collen",
			"studentSurname": "Cassius"
		},
		{
			"studentName": "Lenna",
			"studentSurname": "Amasa"
		},
		{
			"studentName": "Dyann",
			"studentSurname": "Letsou"
		},
		{
			"studentName": "Livvyy",
			"studentSurname": "Wu"
		},
		{
			"studentName": "Louella",
			"studentSurname": "Bendick"
		},
		{
			"studentName": "Bernie",
			"studentSurname": "Cyrie"
		},
		{
			"studentName": "Jobi",
			"studentSurname": "Amand"
		},
		{
			"studentName": "Silvana",
			"studentSurname": "Joseph"
		},
		{
			"studentName": "Eadie",
			"studentSurname": "Arathorn"
		},
		{
			"studentName": "Heida",
			"studentSurname": "Ellord"
		},
		{
			"studentName": "Lucy",
			"studentSurname": "Bethany"
		},
		{
			"studentName": "Suzette",
			"studentSurname": "Georas"
		},
		{
			"studentName": "Elsie",
			"studentSurname": "Brunell"
		},
		{
			"studentName": "Fredericka",
			"studentSurname": "Othilia"
		},
		{
			"studentName": "Mireielle",
			"studentSurname": "Letsou"
		},
		{
			"studentName": "Tiffie",
			"studentSurname": "Ferrell"
		},
		{
			"studentName": "Corry",
			"studentSurname": "Bakerman"
		},
		{
			"studentName": "Miquela",
			"studentSurname": "Allys"
		},
		{
			"studentName": "Christian",
			"studentSurname": "Nerita"
		},
		{
			"studentName": "Wendi",
			"studentSurname": "Rodmann"
		},
		{
			"studentName": "Corry",
			"studentSurname": "Ortrude"
		},
		{
			"studentName": "Chandra",
			"studentSurname": "Eckblad"
		},
		{
			"studentName": "Renie",
			"studentSurname": "Emmaline"
		},
		{
			"studentName": "Vanessa",
			"studentSurname": "Gherardo"
		},
		{
			"studentName": "Sharai",
			"studentSurname": "Thema"
		},
		{
			"studentName": "Hildegaard",
			"studentSurname": "Papageno"
		},
		{
			"studentName": "Zondra",
			"studentSurname": "Florina"
		},
		{
			"studentName": "Beverley",
			"studentSurname": "Kravits"
		},
		{
			"studentName": "Donetta",
			"studentSurname": "Lipson"
		},
		{
			"studentName": "Dominga",
			"studentSurname": "Kannry"
		},
		{
			"studentName": "Diena",
			"studentSurname": "Shama"
		},
		{
			"studentName": "Latisha",
			"studentSurname": "Daniele"
		},
		{
			"studentName": "Ronna",
			"studentSurname": "Etom"
		},
		{
			"studentName": "Inga",
			"studentSurname": "Pillsbury"
		},
		{
			"studentName": "Ingrid",
			"studentSurname": "Tryck"
		},
		{
			"studentName": "Lelah",
			"studentSurname": "Torray"
		},
		{
			"studentName": "Madelle",
			"studentSurname": "Regan"
		},
		{
			"studentName": "Cyndie",
			"studentSurname": "Eliathas"
		},
		{
			"studentName": "Vanessa",
			"studentSurname": "Cordi"
		},
		{
			"studentName": "Sara-Ann",
			"studentSurname": "McLaughlin"
		},
		{
			"studentName": "Elsie",
			"studentSurname": "Khorma"
		},
		{
			"studentName": "Cyndie",
			"studentSurname": "Sinegold"
		},
		{
			"studentName": "Millie",
			"studentSurname": "Harday"
		},
		{
			"studentName": "Jordan",
			"studentSurname": "Whiffen"
		},
		{
			"studentName": "Annora",
			"studentSurname": "Dowski"
		},
		{
			"studentName": "Jolyn",
			"studentSurname": "Hillel"
		},
		{
			"studentName": "Mamie",
			"studentSurname": "Kazimir"
		},
		{
			"studentName": "Maurene",
			"studentSurname": "Ariella"
		},
		{
			"studentName": "Codie",
			"studentSurname": "Granoff"
		},
		{
			"studentName": "Marsiella",
			"studentSurname": "Faso"
		},
		{
			"studentName": "Sheelagh",
			"studentSurname": "Alva"
		},
		{
			"studentName": "Beth",
			"studentSurname": "Calhoun"
		},
		{
			"studentName": "Agathe",
			"studentSurname": "Lucienne"
		},
		{
			"studentName": "Leona",
			"studentSurname": "Magdalen"
		},
		{
			"studentName": "Nessie",
			"studentSurname": "Hourigan"
		},
		{
			"studentName": "Maridel",
			"studentSurname": "Manolo"
		},
		{
			"studentName": "Estell",
			"studentSurname": "Kylander"
		},
		{
			"studentName": "Lanna",
			"studentSurname": "Lissi"
		},
		{
			"studentName": "Diena",
			"studentSurname": "Afton"
		},
		{
			"studentName": "Zsa Zsa",
			"studentSurname": "Luhe"
		},
		{
			"studentName": "Anestassia",
			"studentSurname": "Franza"
		},
		{
			"studentName": "Blinni",
			"studentSurname": "Noam"
		},
		{
			"studentName": "Gaylene",
			"studentSurname": "Tacye"
		},
		{
			"studentName": "Claudina",
			"studentSurname": "Gaspard"
		},
		{
			"studentName": "Vere",
			"studentSurname": "Talia"
		},
		{
			"studentName": "Gabi",
			"studentSurname": "Naor"
		},
		{
			"studentName": "Lorne",
			"studentSurname": "Boycey"
		},
		{
			"studentName": "Agathe",
			"studentSurname": "Goode"
		},
		{
			"studentName": "Kassey",
			"studentSurname": "Leonard"
		},
		{
			"studentName": "Florencia",
			"studentSurname": "Estella"
		},
		{
			"studentName": "Myrtice",
			"studentSurname": "Parsaye"
		},
		{
			"studentName": "Elena",
			"studentSurname": "Eldrid"
		},
		{
			"studentName": "Luci",
			"studentSurname": "Bahr"
		},
		{
			"studentName": "Ermengarde",
			"studentSurname": "Strephon"
		},
		{
			"studentName": "Ermengarde",
			"studentSurname": "Eugenia"
		},
		{
			"studentName": "Beatriz",
			"studentSurname": "Mauer"
		},
		{
			"studentName": "Amii",
			"studentSurname": "Kiersten"
		},
		{
			"studentName": "Grier",
			"studentSurname": "Ajay"
		},
		{
			"studentName": "Agnese",
			"studentSurname": "Donell"
		},
		{
			"studentName": "Florencia",
			"studentSurname": "Jacqui"
		},
		{
			"studentName": "Constance",
			"studentSurname": "Elisha"
		},
		{
			"studentName": "Janis",
			"studentSurname": "Goerke"
		},
		{
			"studentName": "Loree",
			"studentSurname": "Penelopa"
		},
		{
			"studentName": "Mary",
			"studentSurname": "Phi"
		},
		{
			"studentName": "Ginnie",
			"studentSurname": "Earlie"
		},
		{
			"studentName": "Roz",
			"studentSurname": "Myrilla"
		},
		{
			"studentName": "Averyl",
			"studentSurname": "Maxi"
		},
		{
			"studentName": "Gilda",
			"studentSurname": "Fiann"
		},
		{
			"studentName": "Leontine",
			"studentSurname": "Bollay"
		},
		{
			"studentName": "Anestassia",
			"studentSurname": "Orelee"
		},
		{
			"studentName": "Alex",
			"studentSurname": "Annabella"
		},
		{
			"studentName": "Jacquetta",
			"studentSurname": "Sadowski"
		},
		{
			"studentName": "Cissiee",
			"studentSurname": "Tatianas"
		},
		{
			"studentName": "Corina",
			"studentSurname": "Natica"
		},
		{
			"studentName": "Cecile",
			"studentSurname": "Sammons"
		},
		{
			"studentName": "Hallie",
			"studentSurname": "Alexandr"
		},
		{
			"studentName": "Arlina",
			"studentSurname": "Rozanna"
		},
		{
			"studentName": "Alyssa",
			"studentSurname": "Rozanna"
		},
		{
			"studentName": "Shannah",
			"studentSurname": "Mandler"
		},
		{
			"studentName": "Tomasina",
			"studentSurname": "Bach"
		},
		{
			"studentName": "Fred",
			"studentSurname": "Allare"
		},
		{
			"studentName": "Aryn",
			"studentSurname": "Obed"
		},
		{
			"studentName": "Hannis",
			"studentSurname": "Amadas"
		},
		{
			"studentName": "Ada",
			"studentSurname": "Aldric"
		},
		{
			"studentName": "Melisent",
			"studentSurname": "Jess"
		},
		{
			"studentName": "Zia",
			"studentSurname": "Hylan"
		},
		{
			"studentName": "Ezmeralda",
			"studentSurname": "Anastatius"
		},
		{
			"studentName": "Carree",
			"studentSurname": "Cassius"
		},
		{
			"studentName": "Ashlee",
			"studentSurname": "Ulphia"
		},
		{
			"studentName": "Goldie",
			"studentSurname": "Euridice"
		},
		{
			"studentName": "Lindie",
			"studentSurname": "Solitta"
		},
		{
			"studentName": "Correy",
			"studentSurname": "Viddah"
		},
		{
			"studentName": "Aeriela",
			"studentSurname": "Raimondo"
		},
		{
			"studentName": "Alie",
			"studentSurname": "Pip"
		},
		{
			"studentName": "Elise",
			"studentSurname": "Thema"
		},
		{
			"studentName": "Robbi",
			"studentSurname": "Presber"
		},
		{
			"studentName": "Blake",
			"studentSurname": "Olympium"
		},
		{
			"studentName": "Kayla",
			"studentSurname": "Felizio"
		},
		{
			"studentName": "Cassandra",
			"studentSurname": "Papageno"
		},
		{
			"studentName": "Brena",
			"studentSurname": "Mayeda"
		},
		{
			"studentName": "Flo",
			"studentSurname": "Jary"
		},
		{
			"studentName": "Alyda",
			"studentSurname": "Alcott"
		},
		{
			"studentName": "Arlina",
			"studentSurname": "Parsaye"
		},
		{
			"studentName": "Frank",
			"studentSurname": "Sekofski"
		},
		{
			"studentName": "Jinny",
			"studentSurname": "Karl"
		},
		{
			"studentName": "Christal",
			"studentSurname": "Afton"
		},
		{
			"studentName": "Monika",
			"studentSurname": "Ledah"
		},
		{
			"studentName": "Tobe",
			"studentSurname": "Monaco"
		},
		{
			"studentName": "Paulita",
			"studentSurname": "Hailee"
		},
		{
			"studentName": "Rosanne",
			"studentSurname": "Kristi"
		},
		{
			"studentName": "Evaleen",
			"studentSurname": "Fancie"
		},
		{
			"studentName": "Charlena",
			"studentSurname": "Helve"
		},
		{
			"studentName": "Donetta",
			"studentSurname": "Lucienne"
		},
		{
			"studentName": "Briney",
			"studentSurname": "Avi"
		},
		{
			"studentName": "Diena",
			"studentSurname": "Maroney"
		},
		{
			"studentName": "Miquela",
			"studentSurname": "Waldron"
		},
		{
			"studentName": "Jerry",
			"studentSurname": "Karylin"
		},
		{
			"studentName": "Gloria",
			"studentSurname": "Alisia"
		},
		{
			"studentName": "Aurelie",
			"studentSurname": "Hubert"
		},
		{
			"studentName": "Sabina",
			"studentSurname": "Barbey"
		},
		{
			"studentName": "Ezmeralda",
			"studentSurname": "Stelle"
		},
		{
			"studentName": "Morganica",
			"studentSurname": "Christine"
		},
		{
			"studentName": "Clo",
			"studentSurname": "Tomasina"
		},
		{
			"studentName": "Cordi",
			"studentSurname": "Suanne"
		},
		{
			"studentName": "Shell",
			"studentSurname": "Alrich"
		},
		{
			"studentName": "Zondra",
			"studentSurname": "Shuler"
		},
		{
			"studentName": "Gloria",
			"studentSurname": "Hollingsworth"
		},
		{
			"studentName": "Jerry",
			"studentSurname": "Etom"
		},
		{
			"studentName": "Nanete",
			"studentSurname": "Nicoline"
		},
		{
			"studentName": "Yetty",
			"studentSurname": "Zetta"
		},
		{
			"studentName": "Frances",
			"studentSurname": "Catie"
		},
		{
			"studentName": "Britni",
			"studentSurname": "Old"
		},
		{
			"studentName": "Vita",
			"studentSurname": "Ries"
		},
		{
			"studentName": "Sean",
			"studentSurname": "Torray"
		},
		{
			"studentName": "Sara-Ann",
			"studentSurname": "Brandice"
		},
		{
			"studentName": "Ardenia",
			"studentSurname": "Winnick"
		},
		{
			"studentName": "Andeee",
			"studentSurname": "Goth"
		},
		{
			"studentName": "Adore",
			"studentSurname": "Marisa"
		},
		{
			"studentName": "Pollyanna",
			"studentSurname": "Harday"
		},
		{
			"studentName": "Tera",
			"studentSurname": "Vharat"
		},
		{
			"studentName": "Tybie",
			"studentSurname": "Yusuk"
		},
		{
			"studentName": "Dolli",
			"studentSurname": "Japeth"
		},
		{
			"studentName": "Florie",
			"studentSurname": "Sheedy"
		},
		{
			"studentName": "Shauna",
			"studentSurname": "Edison"
		},
		{
			"studentName": "Nadine",
			"studentSurname": "Bigner"
		},
		{
			"studentName": "Nelle",
			"studentSurname": "August"
		},
		{
			"studentName": "Marti",
			"studentSurname": "Cath"
		},
		{
			"studentName": "Gisela",
			"studentSurname": "Bebe"
		},
		{
			"studentName": "Dawn",
			"studentSurname": "Jillane"
		},
		{
			"studentName": "Vanessa",
			"studentSurname": "Levey"
		},
		{
			"studentName": "Glynnis",
			"studentSurname": "McAdams"
		},
		{
			"studentName": "Kaja",
			"studentSurname": "Delila"
		},
		{
			"studentName": "Sandie",
			"studentSurname": "Claudine"
		},
		{
			"studentName": "Sashenka",
			"studentSurname": "Korey"
		},
		{
			"studentName": "Collen",
			"studentSurname": "Goddard"
		},
		{
			"studentName": "Marjie",
			"studentSurname": "Dulciana"
		},
		{
			"studentName": "Kellen",
			"studentSurname": "Birdella"
		},
		{
			"studentName": "Jean",
			"studentSurname": "Gert"
		},
		{
			"studentName": "Gwenneth",
			"studentSurname": "Masao"
		},
		{
			"studentName": "Lila",
			"studentSurname": "Ardra"
		},
		{
			"studentName": "Sybille",
			"studentSurname": "Tatianas"
		},
		{
			"studentName": "Quintina",
			"studentSurname": "Ariella"
		},
		{
			"studentName": "Leontine",
			"studentSurname": "Daveta"
		},
		{
			"studentName": "Orsola",
			"studentSurname": "Mozelle"
		},
		{
			"studentName": "Corene",
			"studentSurname": "Koehler"
		},
		{
			"studentName": "Chastity",
			"studentSurname": "Juliet"
		},
		{
			"studentName": "Genevra",
			"studentSurname": "Shaver"
		},
		{
			"studentName": "Rosene",
			"studentSurname": "Ajay"
		},
		{
			"studentName": "Brena",
			"studentSurname": "Anis"
		},
		{
			"studentName": "Tonia",
			"studentSurname": "Suanne"
		},
		{
			"studentName": "Monika",
			"studentSurname": "Toor"
		},
		{
			"studentName": "Bee",
			"studentSurname": "Natica"
		},
		{
			"studentName": "Karolina",
			"studentSurname": "Tremayne"
		},
		{
			"studentName": "Roxane",
			"studentSurname": "Firmin"
		},
		{
			"studentName": "Constance",
			"studentSurname": "Nahum"
		},
		{
			"studentName": "Konstance",
			"studentSurname": "Screens"
		},
		{
			"studentName": "Pamella",
			"studentSurname": "Bettine"
		},
		{
			"studentName": "Louella",
			"studentSurname": "Morrill"
		},
		{
			"studentName": "Georgetta",
			"studentSurname": "Kazimir"
		},
		{
			"studentName": "Kore",
			"studentSurname": "Ummersen"
		}
	]
}